{
  "id": "3937872",
  "name": "京东到家",
  "font_family": "iconfont",
  "css_prefix_text": "icon-",
  "description": "",
  "glyphs": [
    {
      "icon_id": "170293",
      "name": "home",
      "font_class": "home",
      "unicode": "e60d",
      "unicode_decimal": 58893
    },
    {
      "icon_id": "1063380",
      "name": "orders",
      "font_class": "orders",
      "unicode": "e64b",
      "unicode_decimal": 58955
    },
    {
      "icon_id": "6242369",
      "name": "mine",
      "font_class": "mine",
      "unicode": "e7bd",
      "unicode_decimal": 59325
    },
    {
      "icon_id": "12932043",
      "name": "l-bag",
      "font_class": "l-bag",
      "unicode": "e789",
      "unicode_decimal": 59273
    }
  ]
}
